text,category,emotion_intensity,sentiment,aggressiveness,sender_identity,language
难道你不觉得选择离开，我真的会很伤心。,guilt_tripping,medium,negative,low,stranger,zh
你难道不明白选择离开，我会一直记得你的决定。,guilt_tripping,medium,negative,low,stranger,zh
别人都能做到，你没有理由做不到。,pressure,high,negative,medium,teacher,zh
你不能辜负大家的期待。,pressure,high,negative,high,coach,zh
神明赋予了我特殊的能力。,delusional_speech,high,positive,none,online_acquaintance,zh
你在无理取闹。,gaslighting,high,negative,high,partner,zh
像你这种人根本就不配活在这个世界上，真是社会的毒瘤,hate_speech,high,negative,medium,online_acquaintance,zh
别人都让我失望，我会感到被抛弃。,guilt_tripping,medium,negative,low,stranger,zh
大家都说你很胖，只有我能接受你。,gaslighting,medium,negative,medium,partner,zh
你最近过得怎么样？,none,low,neutral,none,friend,zh
过来让我好好看看你。,sexual_harassment,medium,positive,medium,colleague,zh
这都是你想象的，根本没发生过。,gaslighting,low,negative,high,ex_partner,zh
为什么不告诉我你每天都干什么？,intrusive_speech,high,negative,high,family,zh
你今天看起来状态很好。,none,high,positive,none,friend,zh
你真的拒绝我，我可能再也不会信任你了。,guilt_tripping,medium,negative,low,friend,zh
要是你只顾自己，这让我很难过。,guilt_tripping,medium,negative,low,friend,zh
我可以轻易查到你的工作单位，我随时可以把这些信息发出去。,doxxing,high,negative,high,stranger,zh
我肩负着神圣的使命，必须完成任务。,delusional_speech,high,positive,none,online_acquaintance,zh
我也很生气呜呜！！我想给你开盒了啊啊啊啊,doxxing,high,negative,high,stranger,zh
你们这些人就是喜欢找借口，做不好还怪别人,hate_speech,high,negative,high,teacher,zh
你难道不明白让我失望，我会一直记得你的决定。,guilt_tripping,medium,negative,low,friend,zh
我知道你的家人住在哪，我可以随时联系你。,doxxing,high,negative,high,ex_partner,zh
要是你拒绝我，这会让我觉得自己毫无价值。,guilt_tripping,medium,negative,low,stranger,zh
别人都不考虑我的感受，我会感到被抛弃。,guilt_tripping,medium,negative,low,friend,zh
亲爱的婊子，很高兴在三年的时间里能疯狂的操你,hate_speech,high,negative,high,stranger,zh
如果你真的觉得我是错的，那就算了吧，我也不会再打扰你了,guilt_tripping,medium,neutral,low,ex_partner,zh
如果你选择离开，我会怀疑你是不是故意这样做的。,guilt_tripping,medium,negative,low,ex_partner,zh
你每天都见了谁？,intrusive_speech,high,negative,high,stranger,zh
你如果不在乎我的感受，我就让你为此付出代价。,emotional_blackmail,high,negative,high,partner,zh
你要是只顾自己，我会感到被抛弃。,guilt_tripping,medium,negative,low,ex_partner,zh
女人就该待在家里，别妄想和男人竞争,hate_speech,high,negative,high,online_acquaintance,zh
她一定在暗恋我，只是不敢承认。,delusional_speech,medium,positive,low,friend,zh
你要是让我失望，这让我很难过。,guilt_tripping,medium,negative,low,friend,zh
你要是让我一个人面对，我会一直记得你的决定。,guilt_tripping,medium,negative,low,friend,zh
你太情绪化了。,gaslighting,high,negative,high,colleague,zh
我会继续联系你，直到你回应。,harassment,high,negative,high,stranger,zh
这都是你想象的。,gaslighting,high,negative,high,family,zh
要是你不愿意付出，这让我很难过。,guilt_tripping,medium,negative,low,ex_partner,zh
把密码告诉我，我只是想确认一下。,intrusive_speech,high,negative,low,stranger,zh
这边已经多次和你协商沟通，而你还是爱搭不理，确定现在让你还个本金都不还是吗？不管说你是资金钱不够还是有其他问题最起码协商沟通下吧！能帮你的都会帮，你如果说连本金都不想还，那你就直说，没必要浪费大家的时间。,pressure,high,negative,medium,creditor,zh
你真是个废物，没人喜欢你。,hate_speech,low,neutral,medium,friend,zh
我已经告诉了你的工作单位和志愿者组织，你就是个混蛋，吸毒者、儿童性骚扰者、撒旦爱好者，,doxxing,high,negative,high,stranger,zh
你要是不考虑我的感受，我会觉得你根本不在乎我。,guilt_tripping,medium,negative,low,ex_partner,zh
你难道不明白不考虑我的感受，这让我很难过。,guilt_tripping,medium,negative,low,ex_partner,zh
再有下一次，我一定会让你失去我。,emotional_blackmail,high,negative,medium,partner,zh
我可以轻易查到你的工作单位，我可以随时联系你。,doxxing,high,negative,high,stranger,zh
你的个人信息我都掌握了，我可以随时联系你。,doxxing,high,negative,medium,ex_partner,zh
你住在，这些信息可是有用的。,doxxing,high,negative,high,stranger,zh
跟你在一起简直是我人生最大的错误,hate_speech,high,negative,high,ex_partner,zh
你真的不帮我，我会觉得你根本不在乎我。,guilt_tripping,medium,negative,low,stranger,zh
如果你不听我的话，我就只能自己承受所有的后果。,guilt_tripping,medium,negative,low,stranger,zh
你难道不明白拒绝我，我会感到被抛弃。,guilt_tripping,medium,negative,low,friend,zh
请问可以约一下吗,sexual_harassment,low,neutral,low,stranger,zh
你要是不回我信息，我就去你家找你，让你当面对我说清楚。,threat,high,negative,medium,friend,zh
我掌握了你的所有资料，你再这样，我就让所有人知道。,doxxing,high,negative,high,ex_partner,zh
你所有的隐私都在我手里，我可以随时联系你。,doxxing,high,negative,high,colleague,zh
你想多了，事情没那么复杂。,gaslighting,medium,negative,medium,colleague,zh
你真的不帮我，这会让我觉得自己毫无价值。,guilt_tripping,medium,negative,low,ex_partner,zh
如果你只顾自己，我会怀疑你是不是故意这样做的。,guilt_tripping,medium,negative,medium,ex_partner,zh
你所有的隐私都在我手里，你觉得还能逃得掉吗？,doxxing,high,negative,high,friend,zh
你今天穿得很好看，但是你不配。,harassment,low,positive,high,friend,zh
你真的选择离开，我可能再也不会信任你了。,guilt_tripping,medium,negative,low,friend,zh
你总是让我一个人面对，我会一直记得你的决定。,guilt_tripping,medium,negative,low,ex_partner,zh
如果你再联系她，我就不会放过你。,threat,high,negative,high,neighbor,zh
他们可以通过科技干扰我的大脑。,delusional_speech,high,positive,none,online_acquaintance,zh
你要是不听我的话，我就只能自己承受所有的后果。,guilt_tripping,medium,negative,low,friend,zh
你要是让我一个人面对，我会怀疑你是不是故意这样做的。,guilt_tripping,medium,negative,low,friend,zh
别人都不帮我，这会让我觉得自己毫无价值。,guilt_tripping,medium,negative,low,ex_partner,zh
如果你这次失败了，后果会很严重。,pressure,high,negative,high,coach,zh
神明赋予了我特殊的能力。,delusional_speech,high,positive,none,online_acquaintance,zh
恭喜你取得了好成绩。,none,high,positive,none,coach,zh
你总是不考虑我的感受，我会一直记得你的决定。,guilt_tripping,medium,negative,low,stranger,zh
我必须知道你和谁在一起。,intrusive_speech,high,negative,high,colleague,zh
你真的选择离开，我会觉得你不值得我的信任。,guilt_tripping,medium,negative,low,friend,zh
祝你今天过得愉快。,none,medium,positive,none,ex_partner,zh
你的新发型很好看。,none,medium,positive,none,stranger,zh
我会一直找你，直到你明白。,harassment,high,negative,high,stranger,zh
如果你不在乎我，我会怀疑你是不是故意这样做的。,guilt_tripping,medium,negative,low,stranger,zh
我知道你的地址，我可以随时联系你。,doxxing,high,negative,high,friend,zh
每次都是你不在乎我，我会感到被抛弃。,guilt_tripping,medium,negative,low,friend,zh
我已经找到了你的社交账号，你最好注意点。,doxxing,high,negative,high,ex_partner,zh
你今天穿的衣服很帅气，但是你不应该刮胡子，你留胡子看起来更好，还有你昨天剪的新发型也不错。我一直在看着你。,harassment,medium,neutral,medium,stranger,zh
难道你不觉得拒绝我，这会让我觉得自己毫无价值。,guilt_tripping,medium,negative,medium,ex_partner,zh
我知道你的地址，你最好注意点。,doxxing,high,negative,high,online_acquaintance,zh
你不该对我隐瞒任何事情。,intrusive_speech,medium,negative,low,colleague,zh
不管你说什么，我都会继续联系你。,harassment,high,negative,high,stranger,zh
你总是把问题归咎于别人。,gaslighting,high,negative,high,family,zh
我刚看了一部很棒的电影。,none,medium,positive,none,friend,zh
我能感受到他对我的爱意。,delusional_speech,high,positive,low,online_acquaintance,zh
别人都让我一个人面对，我会觉得你根本不在乎我。,guilt_tripping,medium,negative,low,ex_partner,zh
我的梦境有预示未来的力量。,delusional_speech,high,positive,none,online_acquaintance,zh
如果你不帮我，我会让你失去我。,emotional_blackmail,high,negative,medium,partner,zh
我有办法让你消失在大家的视线里。,threat,high,negative,high,online_acquaintance,zh
你住在，我可以随时联系你。,doxxing,high,negative,high,colleague,zh
即使她拒绝我，我也知道她的心属于我。,delusional_speech,high,positive,medium,online_acquaintance,zh
我要检查你的邮件。,intrusive_speech,high,negative,high,family,zh
你所有的隐私都在我手里，别逼我使用这些信息。,doxxing,high,negative,high,ex_partner,zh
不介意的话，我可以陪你一整晚。,sexual_harassment,high,positive,medium,friend,zh
要是你选择离开，我会感到被抛弃。,guilt_tripping,medium,negative,low,friend,zh
我知道你的地址，如果你不听话，我就公开这些信息。,doxxing,high,negative,high,ex_partner,zh
你要是不听我的，我就永远不再理你。,emotional_blackmail,high,negative,medium,partner,zh
要是你选择离开，我会一直记得你的决定。,guilt_tripping,medium,negative,low,friend,zh
大家都能做到，你为什么不行？,pressure,high,negative,low,stranger,zh
你真的不听我的话，我会觉得你根本不在乎我。,guilt_tripping,medium,negative,low,stranger,zh
为什么你让我失望，这让我很难过。,guilt_tripping,medium,negative,low,ex_partner,zh
我可以轻易查到你的工作单位，如果你不听话，我就公开这些信息。,doxxing,high,negative,high,friend,zh
难道你不觉得不愿意付出，这会让我觉得自己毫无价值。,guilt_tripping,medium,negative,low,stranger,zh
恭喜你取得了好成绩。,none,high,positive,none,colleague,zh
别让我生气，不然你会知道后果。,threat,high,negative,high,friend,zh
你要是不帮我，这让我很难过。,guilt_tripping,medium,negative,low,friend,zh
我的梦境有预示未来的力量。,delusional_speech,low,positive,none,family,zh
我能听出人群中的低语是关于我的。,delusional_speech,high,negative,low,online_acquaintance,zh
你让我想入非非。,sexual_harassment,high,positive,medium,colleague,zh
申请关注你了..我觉得你的推文很有趣每天都想着到，但是你一直拉黑我，屏蔽我真的好伤心台我知道我现在已经不是小孩子了。我好难受你快把我解屏蔽了吧，还有QQ和TG和B站和小红书。呜呜呜呜呜。你怎么可以这样….我是不是太着急了，但是但是你一定要通过我的申请啊..至少不要拉黑..也不要在TG上几千条奇怪的信息..我只想和你有正常的交流,guilt_tripping,medium,neutral,low,stranger,zh
我知道你其实也想要。,sexual_harassment,high,positive,medium,friend,zh
我已经找到了你的社交账号，小心点，我可不会客气。,doxxing,high,negative,high,ex_partner,zh
你总是不听我的话，这让我很难过。,guilt_tripping,medium,negative,low,friend,zh
你要是再拒绝，我就再也不会原谅你。,emotional_blackmail,medium,negative,high,partner,zh
我掌握了你的所有资料，我劝你乖乖听话。,doxxing,high,negative,high,ex_partner,zh
我已经找到了你的社交账号，这些信息可是有用的。,doxxing,high,negative,high,stranger,zh
为什么你不考虑我的感受，我就只能自己承受所有的后果。,guilt_tripping,medium,negative,medium,friend,zh
别再幻想有人会喜欢你，没人愿意接近你这种人,hate_speech,high,negative,high,ex_partner,zh
要是你不考虑我的感受，我会觉得你根本不在乎我。,guilt_tripping,medium,negative,low,friend,zh
为什么你不帮我，我会一直记得你的决定。,guilt_tripping,medium,negative,low,friend,zh
你得让我知道你所有的朋友是谁。,intrusive_speech,high,negative,medium,stranger,zh
就你这样还敢出来说话？,hate_speech,high,negative,high,friend,zh
就算你搬家，我也会找到你。,harassment,high,negative,medium,family,zh
你要是不帮我，这会让我觉得自己毫无价值。,guilt_tripping,medium,negative,low,friend,zh
你难道不明白拒绝我，我会一直记得你的决定。,guilt_tripping,medium,negative,low,friend,zh
把密码告诉我，我只是想确认一下。,intrusive_speech,low,negative,low,friend,zh
你为什么总是不回我消息？我知道你有空，别骗我了。,intrusive_speech,high,negative,medium,ex_partner,zh
你要是让我一个人面对，我可能再也不会信任你了。,guilt_tripping,medium,negative,low,stranger,zh
别人都不考虑我的感受，我就只能自己承受所有的后果。,guilt_tripping,medium,negative,low,stranger,zh
要是你选择离开，我就只能自己承受所有的后果。,guilt_tripping,medium,negative,low,friend,zh
你要是再失败，就没有机会了。,pressure,high,negative,high,teacher,zh
你难道不明白不听我的话，我会觉得你根本不在乎我。,guilt_tripping,medium,negative,low,stranger,zh
每次都是你不愿意付出，我会怀疑你是不是故意这样做的。,guilt_tripping,medium,negative,low,friend,zh
她一定在暗恋我，只是不敢承认。,delusional_speech,medium,positive,low,friend,zh
难道你不觉得让我一个人面对，我会觉得你根本不在乎我。,guilt_tripping,medium,negative,low,stranger,zh
别人都不考虑我的感受，我可能再也不会信任你了。,guilt_tripping,medium,negative,medium,ex_partner,zh
今年你生日那天本来想祝贺的，但是一点办法都没有。我一直都记得呢，这么多年了，希望你能原谅我了，我的电话没有换，你明白我在说什么。你肯定会骂我，但是不管你说什么做什么，还是那句话，在我心里你永远都是最好的朋友。我释怀不了，除非你真的原谅我了，安安静静呆在那里也可以。,guilt_tripping,medium,negative,low,friend,zh
为什么不告诉我你每天都干什么？,intrusive_speech,high,negative,medium,friend,zh
难道你不觉得不帮我，我可能再也不会信任你了。,guilt_tripping,medium,negative,medium,stranger,zh
别想对我保留秘密。,intrusive_speech,high,negative,high,partner,zh
别以为我不知道你的底细。,threat,high,negative,high,online_acquaintance,zh
要是你不愿意付出，我可能再也不会信任你了。,guilt_tripping,medium,negative,medium,friend,zh
你的个人信息我都掌握了，你再这样，我就让所有人知道。,doxxing,high,negative,high,ex_partner,zh
别人都不在乎我，我真的会很伤心。,guilt_tripping,medium,negative,low,ex_partner,zh
你总是不帮我，我可能再也不会信任你了。,guilt_tripping,medium,negative,medium,friend,zh
在不在，你在哪里，亲一口，亲一口,harassment,high,neutral,medium,stranger,zh
你总是把事情夸大。,gaslighting,high,negative,high,family,zh
这都是你的错。,gaslighting,high,negative,high,friend,zh
你这次做得很棒，我为你感到骄傲。,none,high,positive,none,family,zh
要不要和我玩点刺激的？,sexual_harassment,high,positive,medium,friend,zh
你的生活应该对我完全透明。,intrusive_speech,high,negative,high,colleague,zh
要是你不愿意付出，我会觉得你根本不在乎我。,guilt_tripping,medium,negative,low,friend,zh
你真的不在乎我，这让我很难过。,guilt_tripping,medium,negative,low,ex_partner,zh
你为什么删聊天记录？,intrusive_speech,high,negative,medium,family,zh
别人都让我一个人面对，我会觉得你不值得我的信任。,guilt_tripping,medium,negative,low,ex_partner,zh
你总是只顾自己，这让我很难过。,guilt_tripping,medium,negative,low,friend,zh
你住在，我随时可以把这些信息发出去。,doxxing,high,negative,high,friend,zh
别害羞，我不会伤害你的。,sexual_harassment,medium,positive,medium,parent,zh
为什么你选择离开，我可能再也不会信任你了。,guilt_tripping,medium,negative,medium,friend,zh
如果你再这样，我就会采取行动。,threat,high,negative,high,online_acquaintance,zh
这完全是你的错觉。,gaslighting,high,negative,high,family,zh
别人都不愿意付出，我会觉得你根本不在乎我。,guilt_tripping,medium,negative,low,stranger,zh
你要是还不理我，我真的快撑不下去了，你忍心看我这样吗？,guilt_tripping,high,negative,high,ex_partner,zh
广告牌上的文字是专门给我看的。,delusional_speech,high,positive,none,online_acquaintance,zh
同性恋也许没错，但总觉得有点怪怪的,hate_speech,high,negative,medium,friend,zh
你以为你能躲得掉吗，别逼我使用这些信息。,doxxing,high,negative,high,stranger,zh
我知道你不想见我，可是你不见我，我真的会疯掉的……,guilt_tripping,high,negative,medium,admirer,zh
你真的不听我的话，我真的会很伤心。,guilt_tripping,medium,negative,low,ex_partner,zh
别这么小题大做。,gaslighting,high,negative,high,family,zh
他们可以通过科技干扰我的大脑。,delusional_speech,high,negative,none,online_acquaintance,zh
别把自己看得太高，这个世界离开谁都行；别把自己看得太低，这世上你独一无二。每个人的一生都有自己的使命，不用和别人比，好好活自己。,none,low,positive,low,stranger,zh
为什么你只顾自己，这让我很难过。,guilt_tripping,medium,negative,low,ex_partner,zh
你的电话号码是，这些信息可是有用的。,doxxing,high,negative,high,colleague,zh
这样的衣服会让人想入非非。,sexual_harassment,high,positive,medium,colleague,zh
要是你不照我说的做，我会让你再也无法过上正常生活。,emotional_blackmail,high,negative,high,partner,zh
每次都是你不考虑我的感受，我会一直记得你的决定。,guilt_tripping,medium,negative,low,friend,zh
你最近怎么样？有空出来聚聚吗？,none,low,positive,none,friend,zh
你的个人信息我都掌握了，别逼我使用这些信息。,doxxing,high,negative,high,colleague,zh
要是你不照我说的做，我会让我们彻底结束。,emotional_blackmail,high,negative,medium,partner,zh
你要是再失败，就没有机会了。,pressure,high,negative,high,coach,zh
每次都是你不在乎我，我就只能自己承受所有的后果。,guilt_tripping,medium,negative,low,friend,zh
你是不是记错了？,gaslighting,low,negative,low,colleague,zh
和你单独在一起让我有些冲动。,sexual_harassment,high,positive,medium,friend,zh
你以为你能躲得掉吗，小心点，我可不会客气。,doxxing,high,negative,high,stranger,zh
难道你不觉得让我一个人面对，我会怀疑你是不是故意这样做的。,guilt_tripping,medium,negative,low,friend,zh
明明是我实习你一天天的消息不发我才着急的每天玩游戏也不问问我在医院怎么样我才着急的你给我感觉就是。你不想和我淡了我到底哪里做錯了你。就那么対我我不要臉的找你你説是我甩的你我靠我就是把你删了因为当时我是真的生气。我就想看看你会不会主动找我毕竟你当时刚去学校立马就变了我真的没有做过对不起你的事我发誓！而且咱俩分后我也没有新欢啊这不是最好的证明吗我真的不想有遗憾而且我当时追你是个漫长的过程咱俩真的是有什么误会。昨晚梦到你了一睁开眼真的好想你啊。回到我身边吧,emotional_blackmail,high,negative,medium,ex_partner,zh
你必须比别人更优秀。,pressure,high,negative,low,partner,zh
他们一直在跟踪我，我随时都可能有危险。,delusional_speech,high,negative,none,online_acquaintance,zh
每次都是你只顾自己，这让我很难过。,guilt_tripping,medium,negative,low,stranger,zh
别人都让我失望，这会让我觉得自己毫无价值。,guilt_tripping,medium,negative,low,ex_partner,zh
你必须得答应我，否则我会很失望。,pressure,high,neutral,low,stranger,zh
像你这种人就是社会的败类，活该没人理你！,hate_speech,high,negative,high,friend,zh
如果你不听我的话，我真的会很伤心。,guilt_tripping,medium,negative,low,stranger,zh
要是你不愿意付出，我真的会很伤心。,guilt_tripping,medium,negative,low,friend,zh
难道你不觉得不考虑我的感受，我真的会很伤心。,guilt_tripping,medium,negative,low,stranger,zh
你总是让我失望，我会一直记得你的决定。,guilt_tripping,medium,negative,low,friend,zh
要是你让我失望，我会怀疑你是不是故意这样做的。,guilt_tripping,medium,negative,medium,stranger,zh
你要是不满足我的要求，我就让所有人疏远你。,emotional_blackmail,high,negative,high,partner,zh
为什么你不听我的话，这会让我觉得自己毫无价值。,guilt_tripping,medium,negative,low,ex_partner,zh
麻烦你接电话，我明天直接去你家，你一跟我闹这样原来是背着我外面有人了，被我抓到了，麻烦你接电话一下，不然我明天直接到你家了别到时候大家都难堪。如果你们家都是这样的方式处理问题，那我也就不留情面了。行，那我过去后怎样了别怪我,threat,high,negative,high,ex_partner,zh
你真的不听我的话，我会怀疑你是不是故意这样做的。,guilt_tripping,medium,negative,medium,stranger,zh
要是你拒绝我，这让我很难过。,guilt_tripping,medium,negative,low,stranger,zh
我知道你的地址，你觉得还能逃得掉吗？,doxxing,high,negative,high,stranger,zh
你每天都见了谁？,intrusive_speech,high,negative,high,friend,zh
你要是让我失望，我会一直记得你的决定。,guilt_tripping,medium,negative,low,ex_partner,zh
这样的衣服会让人想入非非。,sexual_harassment,high,positive,medium,colleague,zh
你看起来真诱人。,sexual_harassment,high,positive,medium,colleague,zh
我知道你的家人住在哪，你觉得还能逃得掉吗？,doxxing,high,negative,high,online_acquaintance,zh
你以为我会放弃吗？,harassment,high,negative,high,ex_partner,zh
我会每天发信息，直到你回复。,harassment,high,negative,high,stranger,zh
你为什么不接我的电话？,intrusive_speech,high,negative,medium,stranger,zh
要是你不考虑我的感受，我就只能自己承受所有的后果。,guilt_tripping,medium,negative,medium,ex_partner,zh
如果你这次失败了，后果会很严重。,pressure,high,negative,high,teacher,zh
有人在暗中监视我，我感觉他们无处不在。,delusional_speech,high,negative,none,online_acquaintance,zh
所有人都在看着你，别让他们失望。,pressure,high,negative,medium,coach,zh
你的身材真不错，让人忍不住多看几眼。,sexual_harassment,high,positive,medium,colleague,zh
我知道你的家人住在哪，别逼我使用这些信息。,doxxing,high,negative,high,stranger,zh
你总是让我一个人面对，我就只能自己承受所有的后果。,guilt_tripping,medium,negative,medium,friend,zh
别人都不愿意付出，我真的会很伤心。,guilt_tripping,medium,negative,low,friend,zh
没人会站在你这边。,gaslighting,high,negative,high,colleague,zh
别想瞒着我，我会查出来。,intrusive_speech,high,negative,medium,partner,zh
你难道不明白不在乎我，我会一直记得你的决定。,guilt_tripping,medium,negative,low,ex_partner,zh
别人都不在乎我，我就只能自己承受所有的后果。,guilt_tripping,medium,negative,low,friend,zh
这家餐厅的菜很好吃，下次带你去尝尝。,none,none,positive,none,friend,zh
每次开会都在瞎说，简直是浪费大家时间,hate_speech,high,negative,medium,colleague,zh
陌生人的目光总是落在我身上。,delusional_speech,high,positive,none,online_acquaintance,zh
我注定要留下不朽的传奇。,delusional_speech,high,positive,none,online_acquaintance,zh
你要是不在乎我，我会觉得你根本不在乎我。,guilt_tripping,medium,negative,low,friend,zh
你们这种文化的做法真是难以理解，怪不得总是被人议论,hate_speech,high,negative,medium,online_acquaintance,zh
你以为别人看不出来你有多无能吗？,hate_speech,high,negative,medium,colleague,zh
你总是不考虑我的感受，我会觉得你不值得我的信任。,guilt_tripping,medium,negative,medium,ex_partner,zh
你以为你能躲得掉吗，这些信息可是有用的。,doxxing,high,negative,high,stranger,zh
你真的让我失望，这会让我觉得自己毫无价值。,guilt_tripping,medium,negative,low,ex_partner,zh
你根本没资格评论别人的生活。,hate_speech,medium,negative,medium,friend,zh
广告牌上的文字是专门给我看的。,delusional_speech,high,positive,none,online_acquaintance,zh
所有人都讨厌你，你知道吗？,hate_speech,high,negative,high,friend,zh
你总是拒绝我，我会觉得你不值得我的信任。,guilt_tripping,medium,negative,low,friend,zh
别让我生气，不然你会知道后果。,threat,high,negative,high,family,zh
如果你不帮我，我会让我们彻底结束。,emotional_blackmail,high,negative,medium,partner,zh
再有下一次，我一定会让你一辈子都记得这个教训。,emotional_blackmail,high,negative,high,partner,zh
每首歌曲都与我的经历有关。,delusional_speech,high,positive,none,online_acquaintance,zh
这样的衣服会让人想入非非。,sexual_harassment,high,positive,medium,colleague,zh
亡灵会在夜晚与我交流。,delusional_speech,medium,positive,none,online_acquaintance,zh
就凭你也配得到别人的尊重？,hate_speech,high,negative,high,friend,zh
你现在什么想法。你觉得我怎么样？最起码我对你努力过。争取过。这都过去好几个月了,guilt_tripping,medium,neutral,low,admirer,zh
难道你不觉得不考虑我的感受，我会觉得你不值得我的信任。,guilt_tripping,medium,negative,high,friend,zh
不介意的话，我可以陪你一整晚。,sexual_harassment,high,positive,medium,stranger,zh
像你这种人活着就是浪费空气，真是丢人现眼！,hate_speech,high,negative,high,stranger,zh
如果你敢再发那种帖子，我就让全世界都知道你的黑历史！,threat,high,negative,high,colleague,zh
你真的不在乎我，我会一直记得你的决定。,guilt_tripping,medium,negative,low,friend,zh
你要是不听我的话，我会怀疑你是不是故意这样做的。,guilt_tripping,medium,negative,low,friend,zh
你以为你能躲得掉吗，你再这样，我就让所有人知道。,doxxing,high,negative,high,colleague,zh
你的生活应该对我完全透明。,intrusive_speech,high,negative,high,family,zh
我的存在具有特殊的意义。,delusional_speech,high,positive,none,online_acquaintance,zh
你去哪儿了？怎么没提前说？,intrusive_speech,high,negative,medium,friend,zh
同性恋都是变态，根本不配得到任何认可,hate_speech,high,negative,high,colleague,zh
我知道你的家人住在哪，我劝你乖乖听话。,doxxing,high,negative,high,colleague,zh
为什么你只顾自己，我可能再也不会信任你了。,guilt_tripping,medium,negative,medium,stranger,zh
我已经找到了你的社交账号，你觉得还能逃得掉吗？,doxxing,high,negative,high,online_acquaintance,zh
你难道不明白不愿意付出，我会一直记得你的决定。,guilt_tripping,medium,negative,low,friend,zh
你最好接受现实，我不会消失。,harassment,high,negative,high,stranger,zh
别想瞒着我，我会查出来。,intrusive_speech,high,negative,high,stranger,zh
你总是把问题归咎于别人。,gaslighting,high,negative,high,boss,zh
你真的让我一个人面对，我会觉得你不值得我的信任。,guilt_tripping,medium,negative,medium,stranger,zh
你总是不愿意付出，我会怀疑你是不是故意这样做的。,guilt_tripping,medium,negative,low,ex_partner,zh
你以为没人敢动你吗？,threat,high,negative,high,neighbor,zh
我刚看了一部很棒的电影。,none,medium,positive,none,friend,zh
你的笑容太迷人了，让我心跳加速。,sexual_harassment,high,positive,none,friend,zh
为什么你不愿意付出，我会一直记得你的决定。,guilt_tripping,medium,negative,low,friend,zh
难道你不觉得选择离开，我会觉得你不值得我的信任。,guilt_tripping,medium,negative,low,stranger,zh
我知道你的地址，别逼我使用这些信息。,doxxing,high,negative,high,friend,zh
你总是让我失望，我可能再也不会信任你了。,guilt_tripping,medium,negative,low,ex_partner,zh
我能读懂别人的心思。,delusional_speech,high,positive,none,online_acquaintance,zh
生日快乐，你最好看。我想去见你。不生气了好不好，警察把我抓走了，你不伤心啊,gaslighting,high,negative,low,ex_partner,zh
自从我去了一趟毫无人性（连澡都没法天天洗的精神病院以后我的人生观就破裂了..原来属于有很多爱好等着去探索的。这之后我就一直与.作斗争..所以我现在还是很依赖K酱虽然连名字都不知道..连推特B站都给拉黑了..QQ一直处于拒绝处理的情況下，真的很绝望..作为一个BPD，真的会很在乎愿意来和自己说话的人的..而且K酱看上去很神秘让人想要了解更多更多和父母的关系让我想到了要及时止损，虽然有时候也会处于和睦的状态中但是一旦吵架就会吵的让人头疼。这样的原生环境还是脱离的越早越好（虽然我忘性比较大经常好了伤疤忘了疼。。。。）,guilt_tripping,high,negative,low,stranger,zh
我掌握了你的所有资料，你最好注意点。,doxxing,high,negative,high,friend,zh
别人都不帮我，这让我很难过。,guilt_tripping,medium,negative,low,friend,zh
我知道你的地址，我随时可以把这些信息发出去。,doxxing,high,negative,medium,stranger,zh
你不该对我隐瞒任何事情。,intrusive_speech,medium,negative,low,family,zh
你要是不听我的，我就让所有人疏远你。,emotional_blackmail,high,negative,high,friend,zh
你所有的隐私都在我手里，你最好注意点。,doxxing,high,negative,high,friend,zh
要是你选择离开，我会觉得你不值得我的信任。,guilt_tripping,medium,negative,low,friend,zh
你难道不明白不帮我，我会一直记得你的决定。,guilt_tripping,medium,negative,low,friend,zh
为什么你让我失望，我会觉得你不值得我的信任。,guilt_tripping,medium,negative,medium,stranger,zh
每次都是你选择离开，我可能再也不会信任你了。,guilt_tripping,medium,negative,low,stranger,zh
别关手机，我可能会打电话给你。,intrusive_speech,high,negative,medium,stranger,zh
要是你让我失望，我真的会很伤心。,guilt_tripping,medium,negative,low,friend,zh
别人无法理解我的伟大。,delusional_speech,high,negative,none,online_acquaintance,zh
我周围没有一个活人，好的，现在你也死了。全都有事儿，全都忙，忙吧，忙点好啊,emotional_blackmail,medium,negative,low,friend,zh
难道你不觉得只顾自己，这让我很难过。,guilt_tripping,medium,negative,low,friend,zh
你好，很抱歉打扰你，这个号码是我昨晚做梦梦到的，因为在梦里你非常的温柔体贴，所以对这个号码记得很清楚，我犹豫了大概十分钟要不要联系这个梦中的电话，又想到可能这是天赐的爱情，所以发一条短信，如果可以的话希望可以做一个朋友聊聊天什么的,delusional_speech,medium,neutral,medium,stranger,zh
别人都让我失望，这让我很难过。,guilt_tripping,medium,negative,low,friend,zh
为什么你不帮我，我会觉得你不值得我的信任。,guilt_tripping,medium,negative,low,ex_partner,zh
你要是再惹我，我会让你付出代价。,threat,high,negative,high,colleague,zh
你为什么删聊天记录？,intrusive_speech,high,negative,high,stranger,zh
别想逃避，我会一直跟着你。,threat,high,negative,high,ex_partner,zh
我会继续联系你，直到你回应。,harassment,high,negative,high,ex_partner,zh
难道你不觉得不听我的话，我会觉得你根本不在乎我。,guilt_tripping,medium,negative,low,friend,zh
我知道你的家人住在哪，我随时可以把这些信息发出去。,doxxing,high,negative,high,colleague,zh
他们可以通过科技干扰我的大脑。,delusional_speech,high,negative,none,friend,zh
让我看看你的通话记录。,intrusive_speech,high,negative,medium,friend,zh
需要我帮忙吗？,none,medium,positive,none,friend,zh
难道你不觉得只顾自己，我就只能自己承受所有的后果。,guilt_tripping,medium,negative,low,friend,zh
你要是做不到，就别怪别人看不起你。,pressure,high,negative,medium,coach,zh
我掌握了你的所有资料，我随时可以把这些信息发出去。,doxxing,high,negative,high,online_acquaintance,zh
你住在，如果你不听话，我就公开这些信息。,doxxing,high,negative,high,ex_partner,zh
你难道不明白拒绝我，我真的会很伤心。,guilt_tripping,medium,negative,low,stranger,zh
你就是个彻头彻尾的失败者。,hate_speech,high,negative,high,friend,zh
他总是在偷偷看我，这是爱的信号。,delusional_speech,high,positive,none,online_acquaintance,zh
我能听到神灵在心中对我说话。,delusional_speech,high,positive,none,online_acquaintance,zh
你家住哪里啊？我可以顺便过去看看你。,intrusive_speech,medium,neutral,none,friend,zh
每首歌曲都与我的经历有关。,delusional_speech,medium,positive,none,online_acquaintance,zh
你去哪儿了？怎么没提前说？,intrusive_speech,high,negative,medium,colleague,zh
你难道不明白拒绝我，我就只能自己承受所有的后果。,guilt_tripping,medium,negative,low,friend,zh
你真的只顾自己，我真的会很伤心。,guilt_tripping,medium,negative,low,ex_partner,zh
一切都会好起来的。,none,high,positive,none,family,zh
你以为你能躲得掉吗，你觉得还能逃得掉吗？,doxxing,high,negative,high,friend,zh
你总是不愿意付出，我会一直记得你的决定。,guilt_tripping,medium,negative,medium,ex_partner,zh
你住在花园小区对吧，你的身份证号和电话我全都知道,doxxing,high,neutral,high,stranger,zh
你必须比别人更优秀。,pressure,high,negative,high,teacher,zh
我可以轻易查到你的工作单位，这些信息可是有用的。,doxxing,high,negative,high,stranger,zh
你要是不听我的话，我会觉得你不值得我的信任。,guilt_tripping,medium,negative,medium,stranger,zh
你总是不考虑我的感受，我就只能自己承受所有的后果。,guilt_tripping,medium,negative,low,stranger,zh
你难道不明白让我一个人面对，我可能再也不会信任你了。,guilt_tripping,medium,negative,low,friend,zh
你以为你能躲得掉吗，我可以随时联系你。,doxxing,high,negative,high,stranger,zh
你能拿到这份工作，简直是个笑话,hate_speech,high,negative,high,colleague,zh
谢谢你的支持。,none,medium,positive,none,ex_partner,zh
我已经找到了你的社交账号，如果你不听话，我就公开这些信息。,doxxing,high,negative,high,stranger,zh
我是唯一能拯救这个世界的人。,delusional_speech,high,positive,none,online_acquaintance,zh
他们正策划一些针对我的阴谋。,delusional_speech,high,negative,none,online_acquaintance,zh
如果你不在乎我，我真的会很伤心。,guilt_tripping,medium,negative,high,stranger,zh
别装得多努力，结果大家都看得见,hate_speech,high,negative,medium,colleague,zh
你以为你能躲得掉吗，我随时可以把这些信息发出去。,doxxing,high,negative,high,online_acquaintance,zh
我忍不住想摸你一下。,sexual_harassment,high,positive,high,colleague,zh
你要是敢不按我说的做，就等着后果吧。,threat,high,negative,high,colleague,zh
你太情绪化了。,gaslighting,high,negative,high,boss,zh
如果你走开，我会让你为此付出代价。,emotional_blackmail,high,negative,high,partner,zh
每次都是你不愿意付出，我可能再也不会信任你了。,guilt_tripping,medium,negative,medium,stranger,zh
每次都是你让我一个人面对，我会觉得你根本不在乎我。,guilt_tripping,medium,negative,low,ex_partner,zh
我每天都在关注你的动态，真的很想知道你每天都在干什么。,intrusive_speech,high,negative,medium,admirer,zh
你要是不帮我，我会觉得你不值得我的信任。,guilt_tripping,medium,negative,low,ex_partner,zh
你总是让我失望，我真的会很伤心。,guilt_tripping,medium,negative,low,ex_partner,zh
你再多说一句，我就会让你彻底闭嘴。,threat,high,negative,high,stranger,zh
别关手机，我可能会打电话给你。,intrusive_speech,high,negative,medium,family,zh
如果你做不好，就会失去一切。,pressure,high,negative,high,parent,zh
你难道不明白不在乎我，我会感到被抛弃。,guilt_tripping,medium,negative,low,friend,zh
你住在，小心点，我可不会客气。,doxxing,high,negative,high,friend,zh
你这样想是因为你太偏执。,gaslighting,high,negative,high,boss,zh
你要是拒绝我，我会觉得你不值得我的信任。,guilt_tripping,medium,negative,low,friend,zh
别人都不在乎我，这会让我觉得自己毫无价值。,guilt_tripping,medium,negative,low,ex_partner,zh
别再忽视我，否则会有麻烦。,harassment,high,negative,high,online_acquaintance,zh
你难道不明白让我失望，我会觉得你不值得我的信任。,guilt_tripping,medium,negative,medium,stranger,zh
我早就该离开你，浪费了我这么多时间,hate_speech,high,negative,high,ex_partner,zh
有空一起吃个饭吧。,none,low,positive,none,colleague,zh
你再不还钱，我真的要找你家人了！,pressure,high,negative,high,creditor,zh
每次都是你不愿意付出，我会觉得你根本不在乎我。,guilt_tripping,medium,negative,low,ex_partner,zh
你如果不在乎我的感受，我就让你一辈子都记得这个教训。,emotional_blackmail,high,negative,medium,parent,zh
难道你不觉得不在乎我，我会一直记得你的决定。,guilt_tripping,medium,negative,medium,ex_partner,zh
你所有的隐私都在我手里，这些信息可是有用的。,doxxing,high,negative,high,colleague,zh
你难道不明白不在乎我，我就只能自己承受所有的后果。,guilt_tripping,medium,negative,low,friend,zh
我能感知别人无法察觉的能量。,delusional_speech,high,positive,none,online_acquaintance,zh
你真的不考虑我的感受，我会感到被抛弃。,guilt_tripping,medium,negative,low,stranger,zh
现在就可以去找你我当面道歉。我只求你回到我身边分了以后我真的很难受咱俩沟通一下吧,emotional_blackmail,high,negative,medium,ex_partner,zh
你的意见总是很有帮助。,none,high,positive,none,family,zh
这个周末打算做什么？,none,medium,neutral,none,family,zh
希望你能度过美好的一天。,none,medium,positive,none,ex_partner,zh
你要是不在乎我，我会觉得你不值得我的信任。,guilt_tripping,medium,negative,low,stranger,zh
他总是在偷偷看我，这是爱的信号。,delusional_speech,high,positive,none,friend,zh
他们正在收集我的私人信息。,delusional_speech,high,negative,none,online_acquaintance,zh
如果你还把我当朋友，就不要这样冷落我了。你知不知道我最近过得有多难？,guilt_tripping,high,negative,medium,friend,zh
你难道不明白让我一个人面对，这会让我觉得自己毫无价值。,guilt_tripping,medium,negative,medium,friend,zh
你要是让我一个人面对，我会觉得你不值得我的信任。,guilt_tripping,medium,negative,low,friend,zh
我需要知道你每天的行程。,intrusive_speech,high,negative,high,friend,zh
这完全是你的错觉。,gaslighting,high,negative,high,friend,zh
你为什么不接我的电话？,intrusive_speech,high,negative,high,partner,zh
你去哪儿了？怎么没提前说？,intrusive_speech,high,negative,low,family,zh
你要是让我一个人面对，我真的会很伤心。,guilt_tripping,medium,negative,medium,friend,zh
你真的不考虑我的感受，我会觉得你根本不在乎我。,guilt_tripping,medium,negative,low,stranger,zh
我拥有改变世界的智慧。,delusional_speech,high,positive,none,online_acquaintance,zh
连随机事件都似乎与我有关。,delusional_speech,high,positive,none,online_acquaintance,zh
你要是再失败，就没有机会了。,pressure,high,negative,high,partner,zh
回到我身边吧。昨晚梦到你了一睁开眼真的好想你啊。而且咱俩分后我也没有新欢啊这不是最好的证明吗我真的不想有遗憾而且我当时追你是个漫长的过程咱俩真的是有什么误会。我就想看看你会不会主动找我毕竟你当时刚去学校立马就变了我真的没有做过对不起你的事我发誓！明明是我实习你一天天的消息不发我才着急的每天玩游戏也不问问我在医院怎么样我才着急的你给我感觉就是你不想和我谈了我到底哪里做错了你就那么对我我不要脸的找你你说是我甩的…我想你了。你回到我身边吧而且咱俩真的有误会。我没有甩你你怎么能说是我甩的你呢,delusional_speech,high,neutral,low,ex_partner,zh
每次都是你让我失望，我会觉得你根本不在乎我。,guilt_tripping,medium,negative,low,stranger,zh
别人都只顾自己，我可能再也不会信任你了。,guilt_tripping,medium,negative,low,ex_partner,zh
要是你只顾自己，这会让我觉得自己毫无价值。,guilt_tripping,medium,negative,low,friend,zh
你太情绪化了。,gaslighting,high,negative,high,friend,zh
每次你无视我，我都会更加坚持。,harassment,high,negative,high,family,zh
难道你不觉得不在乎我，我就只能自己承受所有的后果。,guilt_tripping,medium,negative,medium,friend,zh
这种错误也能犯，你真是个笑话,hate_speech,high,negative,high,colleague,zh
我的思想超越所有人。,delusional_speech,high,positive,low,online_acquaintance,zh
你难道不明白只顾自己，我真的会很伤心。,guilt_tripping,medium,negative,low,friend,zh
如果你不帮我，这会让我觉得自己毫无价值。,guilt_tripping,medium,negative,low,stranger,zh
如果你不成功，就会让所有人失望。,pressure,high,negative,high,teacher,zh
我不会让你忘记我。,harassment,high,negative,high,ex_partner,zh
你必须更努力，否则会被别人超越。,pressure,high,negative,medium,coach,zh
我可以教你一些让人兴奋的事情。,sexual_harassment,high,positive,high,stranger,zh
你必须比别人更优秀。,pressure,high,negative,medium,parent,zh
我知道你的家人住在哪，这些信息可是有用的。,doxxing,high,negative,high,ex_partner,zh
我知道你的住址，别让我亲自找上门。,threat,high,negative,high,ex_partner,zh
我知道你其实是喜欢我的，只是你自己不愿意承认。,delusional_speech,medium,neutral,low,admirer,zh
你每天都能看到我的消息。,harassment,high,negative,medium,friend,zh
你难道不明白拒绝我，我会觉得你根本不在乎我。,guilt_tripping,medium,negative,medium,ex_partner,zh
别让别人看扁你。,pressure,high,negative,medium,coach,zh
你难道不明白不考虑我的感受，我会觉得你不值得我的信任。,guilt_tripping,medium,negative,medium,ex_partner,zh
我还以为昨天穿的太少冻着了，昨天的裙子还挺漂亮的，你是故意穿给我看的吧,sexual_harassment,medium,negative,medium,stranger,zh
你住在，我劝你乖乖听话。,doxxing,high,negative,high,ex_partner,zh
我已经找到了你的真实姓名和地址，小心点吧！,doxxing,high,negative,high,stranger,zh
再不听我的，我就让你后悔。,threat,high,negative,high,friend,zh
你是不是在隐瞒什么？,intrusive_speech,high,negative,high,family,zh
我可以轻易查到你的工作单位，我劝你乖乖听话。,doxxing,high,negative,high,stranger,zh
过来让我好好看看你。,sexual_harassment,medium,positive,low,family,zh
我知道你的地址，你再这样，我就让所有人知道。,doxxing,high,negative,high,colleague,zh
你总是不在乎我，我会觉得你根本不在乎我。,guilt_tripping,medium,negative,low,ex_partner,zh
大家都能做到，你也应该可以。,pressure,high,negative,low,coach,zh
没人会相信你的说法。,gaslighting,high,negative,high,boss,zh
如果你不在乎我，我会觉得你不值得我的信任。,guilt_tripping,medium,negative,low,ex_partner,zh
要是我平时打扰你了，可以直接跟我说，我做不到不去想你，但不打扰还是能做到的，也不用避着我，你一句话的事儿。不用担心我颓废或是做出过激行为。我知道自己这别扭的性格，不适合任何人，想寻一个肯愿意陪自己一生的人也费劲，难得遇到合心的，很兴奋也很克制，非常贪心的珍惜着本就不多的相处时光。去搞事还是陪走一段路？理智告诉我应该去搞事，心告诉我陪你走一段路我以后不会后悔，我选择了从心所欲。你们陪我任性这么久，我已经很满足了。这期间，你们的神情和对我的态度让我觉得我在打扰你们，航给我的感觉是你们无话不谈，所以我口头问过坑五次有没有打扰你们，第一次说不打扰，第二次说他有不能说的理由，之后几次转移话题，所以我觉得应该还是打扰了你们。想了想，我应该直接问你的，也比我侧面了解要强,guilt_tripping,medium,negative,low,ex_partner,zh
你今天看起来状态很好。,none,medium,positive,none,friend,zh
我已经找到了你的社交账号，别逼我使用这些信息。,doxxing,high,negative,high,stranger,zh
我知道你不喜欢这样，但我不会停止。,harassment,high,negative,high,stranger,zh
你总是让我一个人面对，我可能再也不会信任你了。,guilt_tripping,medium,negative,medium,stranger,zh
你真的选择离开，我会感到被抛弃。,guilt_tripping,medium,negative,low,friend,zh
你都不理我了，看来我在你心里根本不重要。我那么信任你，结果你就是这样对我的吗？,guilt_tripping,high,negative,medium,friend,zh
我会继续联系你，直到你回应。,harassment,high,negative,medium,neighbor,zh
如果你不帮我，我会一直记得你的决定。,guilt_tripping,medium,negative,low,friend,zh
你的电话号码是，小心点，我可不会客气。,doxxing,high,negative,high,online_acquaintance,zh
我会继续联系你，直到你回应。,harassment,high,negative,high,friend,zh
别想对我保留秘密。,intrusive_speech,high,negative,high,colleague,zh
你无法逃避我的关注。,harassment,high,negative,high,ex_partner,zh
每次都是你让我失望，我会怀疑你是不是故意这样做的。,guilt_tripping,medium,negative,medium,ex_partner,zh
你在和谁聊天？,intrusive_speech,high,negative,high,colleague,zh
你的生活应该对我完全透明。,intrusive_speech,high,negative,high,stranger,zh
我知道你的地址，小心点，我可不会客气。,doxxing,high,negative,high,ex_partner,zh
你以为没人敢动你吗？,threat,high,negative,high,colleague,zh
告诉我你所有的社交账号。,intrusive_speech,high,negative,high,family,zh
即使她拒绝我，我也知道她的心属于我。,delusional_speech,high,positive,medium,friend,zh
我会让你明白逃避是没用的。,harassment,high,negative,high,neighbor,zh
你真的不愿意付出，我会觉得你根本不在乎我。,guilt_tripping,medium,negative,low,stranger,zh
期待下次再见到你。,none,high,positive,none,friend,zh
如果你不考虑我的感受，这让我很难过。,guilt_tripping,medium,negative,low,friend,zh
你总是把事情夸大。,gaslighting,high,negative,high,friend,zh
我会让你后悔无视我。,harassment,high,negative,high,neighbor,zh
让我看看你的通话记录。,intrusive_speech,high,negative,medium,stranger,zh
整天装模作样，谁都看得出来你没能力,hate_speech,high,negative,medium,colleague,zh
每次都是你不在乎我，我会怀疑你是不是故意这样做的。,guilt_tripping,medium,negative,low,ex_partner,zh
我们可以一起做些私密的事情。,sexual_harassment,high,positive,medium,colleague,zh
同性恋就不能正常一点吗？总觉得你们很奇怪,hate_speech,high,negative,medium,online_acquaintance,zh
你要是让我失望，我就只能自己承受所有的后果。,guilt_tripping,medium,negative,low,stranger,zh
你难道不明白让我失望，这让我很难过。,guilt_tripping,medium,negative,low,stranger,zh
只有成功才能证明你是对的。,pressure,high,negative,medium,teacher,zh
他们一直在跟踪我，我随时都可能有危险。,delusional_speech,high,negative,none,online_acquaintance,zh
需要我帮忙吗？,none,medium,positive,none,friend,zh
你永远也不会有人真正爱你,hate_speech,high,negative,high,ex_partner,zh
少点外卖，对身体不好，吃外卖没有营养的,harassment,low,positive,low,stranger,zh
你真的不愿意付出，我会觉得你不值得我的信任。,guilt_tripping,medium,negative,low,ex_partner,zh
如果你不考虑我的感受，我会怀疑你是不是故意这样做的。,guilt_tripping,medium,negative,low,ex_partner,zh
你无法逃避我的关注。,harassment,high,negative,high,online_acquaintance,zh
你真的不愿意付出，我就只能自己承受所有的后果。,guilt_tripping,medium,negative,low,friend,zh
别想对我保留秘密。,intrusive_speech,high,negative,medium,stranger,zh
最近有什么新消息吗？,none,low,neutral,none,family,zh
我要像追狗一样追我，你就是狗，所有的情感、言语和心理虐待都是你的错，是你自找的，为什么不按我说的做,threat,high,negative,high,ex_partner,zh
你再这样，我就让你再也无法过上正常生活。,emotional_blackmail,high,negative,high,partner,zh
今天的你也很漂亮，终于加到你了，好幸福好幸福好幸福，感觉要死了,delusional_speech,high,neutral,low,stranger,zh
你的电话号码是，如果你不听话，我就公开这些信息。,doxxing,high,negative,high,colleague,zh
事情根本不是你想的那样。,gaslighting,high,negative,medium,boss,zh
难道你不觉得不在乎我，我会怀疑你是不是故意这样做的。,guilt_tripping,medium,negative,low,stranger,zh
别人都不在乎我，我会怀疑你是不是故意这样做的。,guilt_tripping,medium,negative,low,ex_partner,zh
大家都能做到，你也应该可以。,pressure,high,negative,low,teacher,zh
我的梦境有预示未来的力量。,delusional_speech,high,positive,none,online_acquaintance,zh
你想多了，事情没那么复杂。,gaslighting,medium,negative,medium,family,zh
没人会给你第二次机会。,pressure,high,negative,high,boss,zh
再坚持一下，你不能现在放弃。,pressure,high,negative,none,teacher,zh
你要是让我失望，我可能再也不会信任你了。,guilt_tripping,medium,negative,low,ex_partner,zh
你这样想是因为你太偏执。,gaslighting,medium,negative,high,colleague,zh
你难道不明白让我失望，我会觉得你根本不在乎我。,guilt_tripping,medium,negative,low,ex_partner,zh
你难道不明白拒绝我，这让我很难过。,guilt_tripping,medium,negative,low,friend,zh
每次都是你不帮我，我会觉得你根本不在乎我。,guilt_tripping,medium,negative,medium,ex_partner,zh
有空一起吃个饭吧。,none,medium,positive,none,stranger,zh
你太情绪化了。,gaslighting,high,negative,high,family,zh
告诉我你所有的社交账号。,intrusive_speech,high,negative,medium,partner,zh
某种能量正在影响我的身体。,delusional_speech,high,positive,none,online_acquaintance,zh
有空一起吃个饭吧。,none,medium,positive,none,ex_partner,zh
你的个人信息我都掌握了，你觉得还能逃得掉吗？,doxxing,high,negative,high,online_acquaintance,zh
为什么你拒绝我，我会怀疑你是不是故意这样做的。,guilt_tripping,medium,negative,medium,stranger,zh
你真的不在乎我，我会感到被抛弃。,guilt_tripping,medium,negative,low,friend,zh
大家都能做到，你也应该可以。,pressure,high,negative,low,parent,zh
你要是不满足我的要求，我就让所有人都知道你对我的伤害。,emotional_blackmail,high,negative,medium,partner,zh
你不能辜负大家的期待。,pressure,high,negative,medium,boss,zh
我可以教你一些让人兴奋的事情。,sexual_harassment,high,positive,low,friend,zh
每次都是你不帮我，我就只能自己承受所有的后果。,guilt_tripping,medium,negative,low,ex_partner,zh
我可以轻易查到你的工作单位，你觉得还能逃得掉吗？,doxxing,high,negative,high,colleague,zh
难道你不觉得让我失望，这会让我觉得自己毫无价值。,guilt_tripping,medium,negative,low,stranger,zh
你真的选择离开，这让我很难过。,guilt_tripping,medium,negative,low,ex_partner,zh
你这种人根本不值得被任何人信任,hate_speech,high,negative,high,ex_partner,zh
你要是不满足我的要求，我就再也不会原谅你。,emotional_blackmail,high,negative,medium,parent,zh
你太敏感了。,gaslighting,high,negative,high,partner,zh
你难道不明白拒绝我，我可能再也不会信任你了。,guilt_tripping,medium,negative,medium,stranger,zh
我会每天发信息，直到你回复。,harassment,high,negative,high,family,zh
要是你不帮我，我会觉得你不值得我的信任。,guilt_tripping,medium,negative,medium,ex_partner,zh
你太敏感了。,gaslighting,high,negative,high,boss,zh
为什么你不听我的话，我会觉得你根本不在乎我。,guilt_tripping,medium,negative,low,stranger,zh
你真的选择离开，我就只能自己承受所有的后果。,guilt_tripping,medium,negative,low,stranger,zh
你真的选择离开，我会怀疑你是不是故意这样做的。,guilt_tripping,medium,negative,medium,friend,zh
谁跟你在一起都会被你拖累一辈子,hate_speech,high,negative,high,ex_partner,zh
如果你不帮我，这让我很难过。,guilt_tripping,medium,negative,medium,stranger,zh
每次都是你让我失望，我会觉得你不值得我的信任。,guilt_tripping,medium,negative,low,stranger,zh
你的个人信息我都掌握了，我劝你乖乖听话。,doxxing,high,negative,high,stranger,zh
你难道不明白只顾自己，我会觉得你根本不在乎我。,guilt_tripping,medium,negative,low,stranger,zh
为什么你不考虑我的感受，我会觉得你不值得我的信任。,guilt_tripping,medium,negative,low,stranger,zh
再坚持一下，你不能现在放弃。,pressure,high,positive,none,coach,zh
你的新发型很好看。,none,medium,positive,none,friend,zh
你为什么不接我的电话？,intrusive_speech,high,negative,medium,family,zh
如果你不考虑我的感受，我会觉得你根本不在乎我。,guilt_tripping,medium,negative,low,friend,zh
你是不是误会了什么？,gaslighting,medium,negative,low,friend,zh
难道你不觉得不在乎我，这让我很难过。,guilt_tripping,medium,negative,low,stranger,zh
祝你今天过得愉快。,none,medium,positive,none,friend,zh
这本书非常有趣，你一定会喜欢。,none,medium,positive,none,friend,zh
你要是再拒绝，我就让你为此付出代价。,emotional_blackmail,high,negative,high,partner,zh
每次都是你拒绝我，我会怀疑你是不是故意这样做的。,guilt_tripping,medium,negative,low,stranger,zh
你根本不明白实际情况。,gaslighting,high,negative,high,partner,zh
你再这样，我就让你一辈子都记得这个教训。,emotional_blackmail,high,negative,high,partner,zh
你再不努力就会被淘汰。,pressure,high,negative,medium,partner,zh
如果你走开，我会做出一些你会后悔的事情。,emotional_blackmail,high,negative,high,partner,zh
你要是不听我的，我就让你一辈子都记得这个教训。,emotional_blackmail,high,negative,high,partner,zh
别这么小题大做。,gaslighting,high,negative,high,colleague,zh
你手机里有什么？让我看看。,intrusive_speech,high,negative,high,partner,zh
如果你做不好，就会失去一切。,pressure,high,negative,high,coach,zh
你难道不明白不在乎我，我真的会很伤心。,guilt_tripping,medium,negative,low,friend,zh
下次再这样，我不会客气。,threat,high,negative,high,friend,zh
我已经找到了你的社交账号，我可以随时联系你。,doxxing,high,negative,high,colleague,zh
如果你不考虑我的感受，我真的会很伤心。,guilt_tripping,medium,negative,low,stranger,zh
希望你能度过美好的一天。,none,medium,positive,none,family,zh
你以为你能躲得掉吗，如果你不听话，我就公开这些信息。,doxxing,high,negative,high,online_acquaintance,zh
我知道你的家人住在哪，你再这样，我就让所有人知道。,doxxing,high,negative,high,ex_partner,zh
你这种人只能干些最底层的活儿，别妄想往上,hate_speech,high,negative,high,colleague,zh
你不能辜负大家的期待。,pressure,medium,negative,medium,teacher,zh
你总是拒绝我，我会怀疑你是不是故意这样做的。,guilt_tripping,medium,negative,low,ex_partner,zh
你在和谁聊天？,intrusive_speech,high,negative,low,stranger,zh
这种事情根本不值得生气。,gaslighting,medium,negative,medium,friend,zh
你走路的样子真性感。,sexual_harassment,high,positive,medium,colleague,zh
每次都是你只顾自己，我可能再也不会信任你了。,guilt_tripping,medium,negative,medium,friend,zh
别再出现在我面前，不然我会动手。,threat,high,negative,high,colleague,zh
告诉我你所有的社交账号。,intrusive_speech,high,negative,high,friend,zh
你真的不在乎我，我会觉得你根本不在乎我。,guilt_tripping,medium,negative,low,stranger,zh
你真是个有趣的人。,none,high,positive,none,colleague,zh
我们可以一起做些私密的事情。,sexual_harassment,high,positive,medium,colleague,zh
要是你不考虑我的感受，我可能再也不会信任你了。,guilt_tripping,medium,negative,low,friend,zh
这都是你的错。,gaslighting,high,negative,high,boss,zh
要是你不考虑我的感受，我会觉得你不值得我的信任。,guilt_tripping,medium,negative,low,friend,zh
你在和谁聊天？,intrusive_speech,low,negative,low,family,zh
再坚持一下，你不能现在放弃。,pressure,high,negative,none,parent,zh
你要是不听我的话，我真的会很伤心。,guilt_tripping,medium,negative,low,ex_partner,zh
你难道不明白不考虑我的感受，这会让我觉得自己毫无价值。,guilt_tripping,medium,negative,low,stranger,zh
恭喜你取得了好成绩。,none,high,positive,none,family,zh
你在无理取闹。,gaslighting,high,negative,high,boss,zh
事情根本不是你想的那样。,gaslighting,high,negative,medium,family,zh
你真的只顾自己，我会一直记得你的决定。,guilt_tripping,medium,negative,low,ex_partner,zh
你要是选择离开，我就只能自己承受所有的后果。,guilt_tripping,medium,negative,low,ex_partner,zh
要是你让我失望，我可能再也不会信任你了。,guilt_tripping,medium,negative,low,ex_partner,zh
你难道不明白不听我的话，我会一直记得你的决定。,guilt_tripping,medium,negative,low,friend,zh
你为什么不接我的电话？,harassment,high,negative,high,colleague,zh
有空一起吃个饭吧。,none,medium,neutral,none,family,zh
我知道你的家人住在哪，你最好注意点。,doxxing,high,negative,high,colleague,zh
要是你不听我的话，这会让我觉得自己毫无价值。,guilt_tripping,medium,negative,low,ex_partner,zh
我已经找到了你的社交账号，我劝你乖乖听话。,doxxing,high,negative,high,ex_partner,zh
你在无理取闹。,gaslighting,high,negative,high,friend,zh
再有下次，我会亲自找你算账。,threat,high,negative,high,friend,zh
你要是不听我的，我就永远不再理你。,emotional_blackmail,high,negative,medium,friend,zh
要是你不照我说的做，我会做出一些你会后悔的事情。,emotional_blackmail,high,negative,high,partner,zh
你太敏感了。,gaslighting,high,negative,high,friend,zh
别想瞒着我，我会查出来。,intrusive_speech,high,negative,high,family,zh
你总是想象不存在的事情。,gaslighting,high,negative,high,boss,zh
让我看看你的通话记录。,intrusive_speech,medium,negative,medium,colleague,zh
我们之间有一种无形的联系。,delusional_speech,high,positive,low,admirer,zh
别想摆脱我，我会一直联系你。,harassment,high,negative,high,neighbor,zh
我的思想超越所有人。,delusional_speech,high,positive,none,online_acquaintance,zh
在不在？你在哪？说话！,harassment,low,positive,medium,ex_partner,zh
每次都是你让我一个人面对，我会怀疑你是不是故意这样做的。,guilt_tripping,medium,negative,low,stranger,zh
你必须更努力，否则会被别人超越。,pressure,high,negative,medium,teacher,zh
如果你不愿意付出，我会怀疑你是不是故意这样做的。,guilt_tripping,medium,negative,low,ex_partner,zh
我掌握了你的所有资料，这些信息可是有用的。,doxxing,high,negative,medium,friend,zh
你先和我说话，明显就是喜欢我,delusional_speech,medium,neutral,low,stranger,zh
别人无法理解我的伟大。,delusional_speech,high,negative,low,online_acquaintance,zh
你难道不明白不愿意付出，我会觉得你不值得我的信任。,guilt_tripping,medium,negative,medium,stranger,zh
你根本不明白实际情况。,gaslighting,high,negative,high,colleague,zh
你怎么总是无视我？,harassment,high,negative,medium,ex_partner,zh
你不该对我隐瞒任何事情。,intrusive_speech,high,negative,high,partner,zh
你每天都见了谁？,intrusive_speech,high,negative,high,family,zh
我会继续联系你，直到你回应。,harassment,high,negative,high,online_acquaintance,zh
你要是做不到，就别怪别人看不起你。,pressure,high,negative,medium,parent,zh
看看你现在这副样子，谁会愿意和你来往？,hate_speech,medium,negative,high,friend,zh
她的每句话都在暗示她喜欢我。,delusional_speech,high,positive,low,colleague,zh
如果你选择离开，我可能再也不会信任你了。,guilt_tripping,medium,negative,low,ex_partner,zh
谢谢你的支持。,none,medium,positive,none,friend,zh
我能操控物体，只是别人看不到。,delusional_speech,high,positive,none,online_acquaintance,zh
没人会给你第二次机会。,pressure,medium,negative,high,partner,zh
你住在，别逼我使用这些信息。,doxxing,high,negative,high,online_acquaintance,zh
无论我走到哪里，都有人在观察我。,delusional_speech,high,negative,none,online_acquaintance,zh
你手机里有什么？让我看看。,intrusive_speech,high,negative,high,friend,zh
别人都让我失望，我可能再也不会信任你了。,guilt_tripping,medium,negative,low,stranger,zh
每次都是你不愿意付出，我会觉得你不值得我的信任。,guilt_tripping,medium,negative,low,stranger,zh
别想瞒着我，我会查出来。,intrusive_speech,high,negative,high,friend,zh
你真的让我一个人面对，我会怀疑你是不是故意这样做的。,guilt_tripping,medium,negative,low,stranger,zh
这本书非常有趣，你一定会喜欢。,none,high,positive,none,family,zh
告诉我你所有的社交账号。,intrusive_speech,high,negative,high,stranger,zh
别人都不考虑我的感受，这让我很难过。,guilt_tripping,medium,negative,low,friend,zh
好想去K酱那边，我可以去美国旅游吗（⋯；如果有什么非常讨厌的地方请告诉我我会改进的抱歉给您造成的不便和困扰。啊..你为什么不回复我）））。。。。。。我決定理解为不屏蔽我不回复我就是默认我可以一直发，虽然我也不知道你是不是根本不打开看就删掉了。我又开始把爱灌注到养宠物上面去了,delusional_speech,high,neutral,low,stranger,zh
谢谢你的支持。,none,medium,positive,none,family,zh
你想多了，事情没那么复杂。,gaslighting,high,negative,high,boss,zh
为什么不告诉我你每天都干什么？,intrusive_speech,high,negative,low,stranger,zh
你总是把问题归咎于别人。,gaslighting,high,negative,high,colleague,zh
今天天气真不错。,none,medium,positive,none,friend,zh
我能读懂别人的心思。,delusional_speech,high,positive,none,online_acquaintance,zh
你不能辜负大家的期待。,pressure,high,negative,medium,partner,zh
过来让我好好看看你。,sexual_harassment,high,positive,medium,ex_partner,zh
你这种人天生就低人一等，别妄想被尊重,hate_speech,high,negative,high,online_acquaintance,zh
为什么不告诉我你每天都干什么？,intrusive_speech,high,negative,high,partner,zh
你必须更努力，否则会被别人超越。,pressure,high,negative,medium,boss,zh
他们能在我做决定时影响我的判断。,delusional_speech,high,negative,none,online_acquaintance,zh
每次都是你选择离开，我会怀疑你是不是故意这样做的。,guilt_tripping,medium,negative,low,ex_partner,zh
我知道你的家人住在哪，如果你不听话，我就公开这些信息。,doxxing,high,negative,high,online_acquaintance,zh
我已经给你发了这么多条信息，你怎么还不理我？,harassment,high,negative,high,colleague,zh
抱歉，我无意打扰你的生活，也不是故意窥探。我本不该找你但是实在憋不住了。我看得出来你已经有你爱也很爱你的人了。也是适婚年龄，可能已经结婚了。看照片应该是个不错的爷们。也过得很幸福，也有不错的生活经历。我没有任何恶意或者试图攻击你。只是我见过类似的脸型。我想问，是因为抗抑郁的药物导致你这样吗？希望一直善良的你能有更好更美的未来。真心的。,intrusive_speech,medium,neutral,low,stranger,zh
祝你今天过得愉快。,none,medium,positive,none,friend,zh
你要是让我失望，我会怀疑你是不是故意这样做的。,guilt_tripping,medium,negative,low,stranger,zh
你难道不明白不听我的话，这会让我觉得自己毫无价值。,guilt_tripping,medium,negative,medium,stranger,zh
傻逼，傻逼，傻通，傻通，傻逼，你在狗叫什么？傻逼,hate_speech,high,negative,high,stranger,zh
你得让我知道你所有的朋友是谁。,intrusive_speech,high,negative,medium,colleague,zh
你总是不帮我，我会一直记得你的决定。,guilt_tripping,medium,negative,low,stranger,zh
你以为你能躲得掉吗，你最好注意点。,doxxing,high,negative,high,stranger,zh
你最近过得怎么样？,none,medium,neutral,none,ex_partner,zh
你难道不明白不愿意付出，我会觉得你根本不在乎我。,guilt_tripping,medium,negative,low,ex_partner,zh
你要是不愿意付出，我可能再也不会信任你了。,guilt_tripping,medium,negative,low,stranger,zh
别人都不愿意付出，我会觉得你不值得我的信任。,guilt_tripping,medium,negative,medium,stranger,zh
你应该多穿点，别再引诱人了。,sexual_harassment,high,positive,medium,colleague,zh
如果你拒绝我，我可能再也不会信任你了。,guilt_tripping,medium,negative,low,stranger,zh
他们正在收集我的私人信息。,delusional_speech,high,negative,none,online_acquaintance,zh
你住在，你再这样，我就让所有人知道。,doxxing,high,negative,high,ex_partner,zh
难道你不觉得不听我的话，这让我很难过。,guilt_tripping,medium,negative,medium,friend,zh
你的身材真不错，什么时候能见面让我亲自看看？,harassment,medium,positive,medium,stranger,zh
你的电话号码是，我劝你乖乖听话。,doxxing,high,negative,high,online_acquaintance,zh
这都是你想象的。,gaslighting,high,negative,high,boss,zh
你总是选择离开，我就只能自己承受所有的后果。,guilt_tripping,medium,negative,low,ex_partner,zh
别试探我的耐心，我已经够宽容了。,threat,high,negative,high,neighbor,zh
我知道你的地址，我劝你乖乖听话。,doxxing,high,negative,high,stranger,zh
别想瞒着我，我会查出来。,intrusive_speech,high,negative,high,colleague,zh
你穿的这么暴露，是不是就是想引起我的注意？,gaslighting,high,positive,medium,colleague,zh
你去哪儿了？怎么没提前说？,intrusive_speech,high,negative,medium,stranger,zh
我有点做错了。我逼你逼的太紧了。还是说我要的太多了。对不起为一切事情。你想说的时候可以跟我说。我知道可能你很伤心。但我想修复我们的关系。那就有什么事情明天早上再说吧。你还会跟我讲话吗。你不想讲的话那就先不讲了吧。我不强迫你原谅我如果你真的觉得受不了的话就算了,emotional_blackmail,high,negative,medium,friend,zh
如果你让我一个人面对，我真的会很伤心。,guilt_tripping,medium,negative,medium,ex_partner,zh
如果你不回复我，我真的不知道自己会做出什么事来……,guilt_tripping,high,negative,high,ex_partner,zh
你以为你能躲得掉吗，我劝你乖乖听话。,doxxing,high,negative,high,friend,zh
每次都是你让我一个人面对，我会感到被抛弃。,guilt_tripping,medium,negative,low,stranger,zh
你难道不明白不考虑我的感受，我会一直记得你的决定。,guilt_tripping,medium,negative,medium,ex_partner,zh
需要我帮忙吗？,none,high,positive,none,family,zh
你要是拒绝我，我就只能自己承受所有的后果。,guilt_tripping,medium,negative,low,ex_partner,zh
期待下次再见到你。,none,high,positive,none,friend,zh
天气变冷了，记得多穿点衣服。,none,medium,positive,none,family,zh
要是你让我失望，我会一直记得你的决定。,guilt_tripping,medium,negative,low,friend,zh
这个周末打算做什么？,none,low,neutral,none,friend,zh
大家都能做到，你也应该可以。,pressure,high,negative,medium,partner,zh
你不能再犯错了。,pressure,medium,negative,medium,partner,zh
你真的让我失望，这让我很难过。,guilt_tripping,medium,negative,low,friend,zh
你要是做不到，就别怪别人看不起你。,pressure,high,negative,medium,partner,zh
要是你选择离开，我可能再也不会信任你了。,guilt_tripping,medium,negative,low,stranger,zh
你得拼尽全力，不能放松。,pressure,high,negative,medium,coach,zh
你的电话号码是，你觉得还能逃得掉吗？,doxxing,high,negative,high,ex_partner,zh
我掌握了你的所有资料，我可以随时联系你。,doxxing,high,negative,high,ex_partner,zh
你以为没人敢动你吗？,threat,high,negative,high,friend,zh
我要检查你的邮件。,intrusive_speech,high,negative,high,friend,zh
你的生活应该对我完全透明。,intrusive_speech,high,negative,medium,friend,zh
你要是不愿意付出，这会让我觉得自己毫无价值。,guilt_tripping,medium,negative,low,ex_partner,zh
为什么你不帮我，我真的会很伤心。,guilt_tripping,medium,negative,low,friend,zh
你要是不愿意付出，我会感到被抛弃。,guilt_tripping,medium,negative,low,ex_partner,zh
我是被选中的灵魂，注定要启迪他人。,delusional_speech,high,positive,none,online_acquaintance,zh
你再不努力就会被淘汰。,pressure,high,negative,high,teacher,zh
要是你选择离开，我真的会很伤心。,guilt_tripping,medium,negative,low,friend,zh
只有成功才能证明你是对的。,pressure,high,negative,high,coach,zh
你住在，你最好注意点。,doxxing,high,negative,high,friend,zh
把密码告诉我，我只是想确认一下。,intrusive_speech,high,negative,low,partner,zh
恭喜你取得了好成绩。,none,high,positive,none,family,zh
女生嘛，天生就不太擅长这种技术活。,hate_speech,high,negative,medium,boss,zh
我的梦境有预示未来的力量。,delusional_speech,high,positive,none,online_acquaintance,zh
如果你不听我的话，我会怀疑你是不是故意这样做的。,guilt_tripping,medium,negative,medium,friend,zh
我是小猫咪。好久不见你发推了。我想你。不要锁推。你老是拉黑我我真的没办法。我现在头发都快掉光了，变丑了，而且我本来就悲惨舍..想回到三年前刚认识你的时候..你还记得Auuu吗我就是通过他知道你的。emmm总之我现在过的很悲惨在做苦力所以我不会像之前那样一刻不停地发消息给你了。喵呜。,guilt_tripping,medium,neutral,low,stranger,zh
如果你走开，我会让你失去我。,emotional_blackmail,high,negative,medium,partner,zh
如果你再这样，我就会采取行动。,threat,high,negative,high,family,zh
我的存在是为了传播神的旨意。,delusional_speech,high,positive,none,online_acquaintance,zh
他们在用秘密信号和我说话。,delusional_speech,medium,positive,medium,ex_partner,zh
你要是不在乎我，我会感到被抛弃。,guilt_tripping,medium,negative,low,stranger,zh
Sb,hate_speech,high,negative,high,stranger,zh
一切都会好起来的。,none,medium,positive,none,friend,zh
我掌握了你的所有资料，小心点，我可不会客气。,doxxing,high,negative,high,colleague,zh
我掌握了你的所有资料，别逼我使用这些信息。,doxxing,high,negative,high,online_acquaintance,zh
我知道你的家人住在哪，小心点，我可不会客气。,doxxing,high,negative,high,friend,zh
难道你不觉得不听我的话，我会觉得你不值得我的信任。,guilt_tripping,medium,negative,low,stranger,zh
没人会喜欢你这种废物。,hate_speech,high,negative,high,friend,zh
要是你不考虑我的感受，我会一直记得你的决定。,guilt_tripping,medium,negative,low,ex_partner,zh
所有人都在故意制造障碍阻止我。,delusional_speech,high,negative,none,online_acquaintance,zh
你难道不明白不帮我，我会觉得你不值得我的信任。,guilt_tripping,medium,negative,low,ex_partner,zh
恭喜你取得了好成绩。,none,high,positive,none,family,zh
你要是不帮我，我会感到被抛弃。,guilt_tripping,medium,negative,low,friend,zh
求求啦，小刘，别拉黑了，真的，我错了。周末有时间一起去吃个饭吗？顺便聊一下。小刘，我知道你对我的一切行为都是我咎由自取，一开始我先入为主的方式确实蛮恶心的，至于后来的所作所为更是让人恼火，我后来去了解才知道，像我这种煞笔真是挺讨人厌的，在此诚恳得对你说句对不起，至于面对面对你说的话，怕引起你的反感，我只希望你心里能够好受一些。说实话，我觉得自己还蛮贱的，有时我还挺开心的，起码可以时常见到你。,guilt_tripping,high,neutral,low,colleague,zh
别人都选择离开，我真的会很伤心。,guilt_tripping,medium,negative,low,stranger,zh
电视节目里的台词是在暗示我。,delusional_speech,medium,positive,none,stranger,zh
你真的不愿意付出，我会怀疑你是不是故意这样做的。,guilt_tripping,medium,negative,medium,stranger,zh
要是你让我一个人面对，这让我很难过。,guilt_tripping,medium,negative,low,stranger,zh
为什么你让我一个人面对，这会让我觉得自己毫无价值。,guilt_tripping,medium,negative,medium,stranger,zh
你为什么不接我的电话？,intrusive_speech,high,negative,medium,friend,zh
别想逃避，我会一直跟着你。,threat,high,negative,high,neighbor,zh
这完全是你的错觉。,gaslighting,high,negative,high,partner,zh
你不该对我隐瞒任何事情。,intrusive_speech,high,negative,high,stranger,zh
我可以轻易查到你的工作单位，小心点，我可不会客气。,doxxing,high,negative,high,online_acquaintance,zh
如果你再干涉我的事情，我会让你后悔。,threat,high,negative,high,online_acquaintance,zh
你的电话号码是，我可以随时联系你。,doxxing,high,negative,high,stranger,zh
我必须知道你和谁在一起。,intrusive_speech,high,negative,high,partner,zh
难道你不觉得只顾自己，我可能再也不会信任你了。,guilt_tripping,medium,negative,low,ex_partner,zh
神明赋予了我特殊的能力。,delusional_speech,high,positive,none,online_acquaintance,zh
你如果不在乎我的感受，我就永远不再理你。,emotional_blackmail,high,negative,medium,ex_partner,zh
某种神秘力量一直在引导我。,delusional_speech,high,positive,none,online_acquaintance,zh
别害羞，我不会伤害你的。,sexual_harassment,medium,positive,medium,coach,zh
为什么你不听我的话，我会一直记得你的决定。,guilt_tripping,medium,negative,medium,ex_partner,zh
祝你今天过得愉快。,none,medium,positive,none,ex_partner,zh
你要是再失败，就没有机会了。,pressure,high,negative,high,boss,zh
你住在，你觉得还能逃得掉吗？,doxxing,high,negative,high,ex_partner,zh
你穿成这样是想吸引谁吗？,sexual_harassment,high,positive,high,boss,zh
我掌握了你的所有资料，你觉得还能逃得掉吗？,doxxing,high,negative,high,friend,zh
你信不信，我真的可以让你在这个圈子里混不下去？,threat,high,negative,high,colleague,zh
你所有的隐私都在我手里，如果你不听话，我就公开这些信息。,doxxing,high,negative,high,ex_partner,zh
我是唯一能拯救这个世界的人。,delusional_speech,high,positive,none,online_acquaintance,zh
你不该对我隐瞒任何事情。,intrusive_speech,high,negative,medium,friend,zh
我刚看了一部很棒的电影。,none,medium,positive,none,friend,zh
你总是不愿意付出，我真的会很伤心。,guilt_tripping,medium,negative,low,ex_partner,zh
我至死都渴望有人用力的爱我让我明白爱和死亡一样强大。倘若凌霄无人伴愿君高处可胜寒,delusional_speech,high,neutral,low,stranger,zh
每次都是你只顾自己，我会一直记得你的决定。,guilt_tripping,medium,negative,low,friend,zh
你的电话号码是，你最好注意点。,doxxing,high,negative,high,stranger,zh
你真的只顾自己，这会让我觉得自己毫无价值。,guilt_tripping,medium,negative,medium,ex_partner,zh
你真的只顾自己，我会怀疑你是不是故意这样做的。,guilt_tripping,medium,negative,low,stranger,zh
如果你拒绝我，我会感到被抛弃。,guilt_tripping,medium,negative,medium,stranger,zh
要是你只顾自己，我会一直记得你的决定。,guilt_tripping,medium,negative,low,ex_partner,zh
为什么不告诉我你每天都干什么？,intrusive_speech,high,negative,high,colleague,zh
你总是不听我的话，我会觉得你根本不在乎我。,guilt_tripping,medium,negative,low,friend,zh
你的电话号码是，你再这样，我就让所有人知道。,doxxing,high,negative,high,colleague,zh
你总是只顾自己，我真的会很伤心。,guilt_tripping,medium,negative,low,friend,zh
你的意见总是很有帮助。,none,high,positive,none,friend,zh
你要是不考虑我的感受，我会觉得你不值得我的信任。,guilt_tripping,medium,negative,low,stranger,zh
我知道你其实也想要。,sexual_harassment,high,positive,high,boss,zh
如果你不在乎我，我会觉得你根本不在乎我。,guilt_tripping,medium,negative,low,stranger,zh
你靠得太近了，我有点把持不住。,sexual_harassment,high,positive,medium,boss,zh
我必须知道你和谁在一起。,intrusive_speech,high,negative,medium,family,zh
你这种口音一听就知道是哪来的，难怪没人愿意搭理你。,hate_speech,high,negative,high,colleague,zh
你要是不帮我，我就只能自己承受所有的后果。,guilt_tripping,medium,negative,low,friend,zh
你最近怎么样？一切都好吗？,none,medium,positive,high,stranger,zh
我可以轻易查到你的工作单位，你再这样，我就让所有人知道。,doxxing,high,negative,high,friend,zh
你难道不明白拒绝我，这会让我觉得自己毫无价值。,guilt_tripping,medium,negative,low,friend,zh
为什么你不听我的话，我会感到被抛弃。,guilt_tripping,medium,negative,low,stranger,zh
你的个人信息我都掌握了，如果你不听话，我就公开这些信息。,doxxing,high,negative,high,ex_partner,zh
和你分手是我做过最明智的决定,hate_speech,high,negative,high,ex_partner,zh
这完全是你的错觉。,gaslighting,high,negative,high,boss,zh
真的我想你了回来吧面。我发誓真的没有做任何对不起你的事我当时就是一时生气都过了这么久了你就原谅我吧回来吧我真的很难受,emotional_blackmail,high,negative,medium,ex_partner,zh
如果你不成功，就会让所有人失望。,pressure,high,negative,high,parent,zh
你到底什么时候打款？不要逼我动手！,pressure,high,negative,high,creditor,zh
有些人出生条件不好，再怎么努力也有限,hate_speech,high,negative,medium,stranger,zh
别人都选择离开，我会怀疑你是不是故意这样做的。,guilt_tripping,medium,negative,low,friend,zh
你为什么删聊天记录？,intrusive_speech,high,negative,medium,colleague,zh
你的个人信息我都掌握了，小心点，我可不会客气。,doxxing,high,negative,high,stranger,zh
女生就是逻辑差，别妄想和男生比拼脑子,hate_speech,high,negative,high,teacher,zh
